{
  "id": "aactors",
  "title": "AI Generated NPCs",
  "description": "GM Assistant that creates AI NPCs from prompts",
  "authors": [
    {
      "name": "Rachel Schutz"
    },
    {
      "name": "silent_mark",
      "email": "marek@kembrowski.net",
      "discord": "silent_mark"
    }
  ],
  "version": "1.1.0",
  "compatibility": {
      "minimum": "11",
      "verified": "11",
      "maximum": "11"
  },
  "esmodules": [
    "/scripts/actor.mjs"
  ],
  "languages": [
    {
      "lang": "en",
      "name": "English",
      "path": "languages/en.json"
    },
    {
      "lang": "pl",
      "name": "Polski",
      "path": "languages/pl.json"
    }
  ],
  "styles": [
    "styles/actor-ai.css"
  ],
  "url": "https://github.com/silentmark/ai-actors",
  "manifest": "https://raw.githubusercontent.com/silentmark/ai-actors/main/module.json",
  "download": "https://github.com/silentmark/ai-actors/releases/download/1.1.0/aactors.zip"
}